{
  "version": "100",
  "group": "default",
  "paths": [
    "resources",
    "resources/TestGroup.zip"
  ],
  "resources": [
    {
  "id": "brick_albedo",
  "type": "Texture2D",
  "source": "textures/stone_albedo.png",
  "wrapMode": "repeat",
  "minFilterMode": "linear",
  "magFilterMode": "linear",
  "mipMapping": true
},
    {
  "id": "brick_spec",
  "type": "Texture2D",
  "source": "textures/stone_rough.png",
  "wrapMode": "repeat",
  "minFilterMode": "linear",
  "magFilterMode": "linear",
  "mipMapping": true
},
    {
  "id": "brick_norm",
  "type": "Texture2D",
  "source": "textures/stone_normal.png",
  "wrapMode": "repeat",
  "minFilterMode": "linear",
  "magFilterMode": "linear",
  "mipMapping": true
},
    {
  "id": "marble",
  "type": "Material",
  "source": "materials/marble.mat"
}
  ]
}