{

   "version" 	: 1,
   "group"		: "default",
   
   "paths" :
   [
		"resources",
		"resources/TestGroup.zip"
   ],

   "resources" 	: 
   [
   // Textures
		{
			"id"			: "brick_albedo",
			"type"			: "Texture2D",
			"source"		: "textures/stone_albedo.png",
			"mipMapping" 	: true,
			"minFilterMode"	: "mipmap_linear",
			"magFilterMode"	: "linear",
			"wrapMode"		: "repeat"
		},
		{
			"id"			: "brick_spec",
			"type"			: "Texture2D",
			"source"		: "textures/stone_rough.png",
			"mipMapping" 	: true,
			"minFilterMode"	: "mipmap_linear",
			"magFilterMode"	: "linear",
			"wrapMode"		: "repeat"
		},
		{
			"id"			: "brick_norm",
			"type"			: "Texture2D",
			"source"		: "textures/stone_normal.png",
			"mipMapping" 	: true,
			"minFilterMode"	: "mipmap_linear",
			"magFilterMode"	: "linear",
			"wrapMode"		: "repeat"
		},
		
	// Shaders
		{
			"id"			: "cookTorrence",
			"type"			: "Shader",
			"source"		: "shaders/unlit",
			"vertexSource"	: "shaders/unlit.vs",
			"pixelSource"	: "shaders/unlit.ps",
			
			"vertexAttributeLayout" :
			{
				"Position"	: "inVert",    
				"Uv0"		: "inUV0", 
				"Normal"	: "inNormal",
				"Tangent"	: "inTangent",
				"Bitangent"	: "inBitangent"
			}
		},
		
	// Materials
		{
			"id"			: "marble",
			"type"			: "Material",
			"source"		: "materials/marble.mat"
		}
   ]
}
